,field_1,field_2,field_3,field_4,field_5,field_6,field_7,field_8,field_9,field_10,field_11,field_12,field_13,field_14,field_15,field_16,field_17,field_18,field_19,field_20,field_21,field_22,field_23,field_24
cropped,684.3265098571777,687.6929683288574,679.4967779357911,693.3450631896973,694.787157977295,693.8586182800293,694.6269910644531,694.6507369140626,698.3701170349121,693.2479891052246,697.1777372680665,699.2759463684082,688.0631362365723,685.2111405212403,685.5512084106446,696.966001953125,690.2908900024414,691.8285106262207,696.3949533203125,696.239437463379,694.4442143676758,692.6220744689941,697.3069680175781,691.1141716308595
