,field_1,field_2,field_3,field_4,field_5,field_6,field_7,field_8,field_9,field_10,field_11,field_12,field_13,field_14,field_15,field_16,field_17,field_18,field_19,field_20,field_21,field_22,field_23,field_24
test2,684.3411940368653,687.6875300231934,679.5115284606934,693.3367678283691,694.7674387695313,693.8761225952148,694.6381705932617,694.6844404907226,698.3751997680664,693.2604266845703,697.1460044494629,699.2477112365723,688.0799966186523,685.1895852050782,685.6071767395019,696.9638595214844,690.295340814209,691.8252116027833,696.3453879272462,696.2649660644531,694.4483158996583,692.6860867736817,697.3031119140626,691.1100250183106
