,field_1,field_2,field_3,field_4,field_5,field_6,field_7,field_8,field_9,field_10,field_11,field_12,field_13,field_14,field_15,field_16,field_17,field_18,field_19,field_20,field_21,field_22,field_23,field_24
test3,659.389890789795,661.520884173584,656.8756276916504,689.4797785461426,693.2015030517579,691.8207490783692,696.4181117004395,696.1314782226563,702.755989050293,699.1509836303711,700.7776865539552,703.3607330200196,667.6492548889161,660.2335486083985,663.1359304382324,695.724345843506,690.1131336364747,685.4631074035644,698.9942954162598,699.2338214050293,696.351431048584,694.4353311950684,700.1948017150879,695.4927131958008
