,field_1,field_2,field_3,field_4,field_5,field_6,field_7,field_8,field_9,field_10,field_11,field_12,field_13,field_14,field_15,field_16,field_17,field_18,field_19,field_20,field_21,field_22,field_23,field_24
C:/Users/georg/PycharmProjects/TWNBA_plinterpreter/test1,11805.247000000001,14578.2196,13077.9714,14801.6483,19046.2563,17001.2143,5641.258846153846,20075.1729,18428.5311,14113.077800000001,16708.7338,17705.7271,17939.6935,9160.661538461538,16000.3528,19270.6633,16444.4535,17573.555500000002,15909.141300000001,17873.525,7677.318846153846,16457.2072,15276.065400000001,12852.3248
