,field_1,field_2,field_3,field_4,field_5,field_6,field_7,field_8,field_9,field_10,field_11,field_12,field_13,field_14,field_15,field_16,field_17,field_18,field_19,field_20,field_21,field_22,field_23,field_24
test4,659.444784753418,661.6446525085449,655.3973063903809,688.4956729919434,692.9621796936035,691.188025958252,694.663224810791,694.2955308105469,699.7114077453614,697.0472306396484,698.0313643615723,700.6882934082032,670.5050699279785,662.3236813781739,664.9713188720704,696.0903836914063,690.9230815246582,685.0818410095216,697.9027125976563,697.8116259521485,694.9531555541993,690.817891204834,697.3248461181641,693.382505645752
